Video_URL,Time,Author,Message
https://www.youtube.com/watch?v=X_dppNer2LE,,@thanho7779,1
https://www.youtube.com/watch?v=X_dppNer2LE,,@thuongdao7046,Chào mừng tới WSFB ngày thứ Tư của anh Ngọc
https://www.youtube.com/watch?v=X_dppNer2LE,,@thuongdao7046,Thái lọ làm ăn láo nháo quá
https://www.youtube.com/watch?v=X_dppNer2LE,,@blvanhquan68,chào anh em nhé
https://www.youtube.com/watch?v=X_dppNer2LE,,@blvanhquan68,sẵn sàng chưa nàoooo
https://www.youtube.com/watch?v=X_dppNer2LE,,@blvanhquan68,like mạnh tay để lên 300 like nào anh em
https://www.youtube.com/watch?v=X_dppNer2LE,,@blvanhquan68,cảm ơn anh em đã vào chờ tới giờ phát sóng nhé
https://www.youtube.com/watch?v=X_dppNer2LE,,@yoanndang,bắt máy bay qua VN xin nhỗi rồi
https://www.youtube.com/watch?v=X_dppNer2LE,,@hieuminh4363,thái lọ làm quả này liên quan đến chính trị luôn ấy
https://www.youtube.com/watch?v=X_dppNer2LE,,@yoanndang,"qua xin nhỗi rồi, bỏ qua thôi"
https://www.youtube.com/watch?v=X_dppNer2LE,,@blvanhquan68,Thái Lan làm ăn như này là không ổn rồi !
https://www.youtube.com/watch?v=X_dppNer2LE,,@thanhhaitran2472,"thôi thì cứ giơ cao đánh khẽ, do nhân viên làm ăn kém đi"
https://www.youtube.com/watch?v=X_dppNer2LE,,@phatjuno,Em chào mọi người hôm nay có anh Ngọc
https://www.youtube.com/watch?v=X_dppNer2LE,,@viet1707,ae var Thái Lan mạnh vào
https://www.youtube.com/watch?v=X_dppNer2LE,,@myozz.khanh.279,nhầm ai chứ nhàm VN thành TQ thì khó cứu
https://www.youtube.com/watch?v=X_dppNer2LE,,@thanhhaitran2472,"vụ nhầm cờ như này trong thể thao thấy bị suốt, chả có ý đồ j cả"
https://www.youtube.com/watch?v=X_dppNer2LE,,@phatjuno,Lòng tự tôn dân tộc ta ko thể bỏ qua dễ dàng v được
https://www.youtube.com/watch?v=X_dppNer2LE,,@blvanhquan68,Phải nấu lẩu thái thôi anh em ạ
https://www.youtube.com/watch?v=X_dppNer2LE,,@blvanhquan68,Lòng tự tôn dân tộc chúng ta mà
https://www.youtube.com/watch?v=X_dppNer2LE,,@krkrjjf,"mấy người giàu có quyền lực của thailand đều là người gốc hoa,nói như vậy ae tự hiểu rồi đấy"
https://www.youtube.com/watch?v=X_dppNer2LE,,@blvanhquan68,cảm ơn anh em đã vào đông nhé
https://www.youtube.com/watch?v=X_dppNer2LE,,@thanhhaitran2472,"trước xem poker tour ở VN còn nhầm cờ Hàn thành Triều Tiên vkl luôn, bi a cũng hay bị nhầm"
https://www.youtube.com/watch?v=X_dppNer2LE,,@Real-Madrid-No1-fan,Ronaldo lại tạch cúp rồi ae ạ
https://www.youtube.com/watch?v=X_dppNer2LE,,@quangphung9019,"sắp tới là liver vs real, bayern vs Psg căng như dây đàn"
https://www.youtube.com/watch?v=X_dppNer2LE,,@KiGimart,Bhu
https://www.youtube.com/watch?v=X_dppNer2LE,,@kasumeow,ronaldo kể từ khi rời juventus năm 2021 đến giờ vẫn trắng tay với danh hiệu clb
https://www.youtube.com/watch?v=X_dppNer2LE,,@quangphung9019,à cái vụ kêu gọi rồi ko thấy đăng video phát quà cho Thái Nguyên hay Huế nhỉ
https://www.youtube.com/watch?v=X_dppNer2LE,,@blvanhquan68,anh em có câu hỏi gì thì để lại nhé
https://www.youtube.com/watch?v=X_dppNer2LE,,@viet1707,go go go
https://www.youtube.com/watch?v=X_dppNer2LE,,@garublue999,"chào 2a AC Milan lại hoà bị tụt lại so với Napoli , vấn đề của Milan thiếu 1 tiền đạo đẳng cấp đúng ko ạ"
https://www.youtube.com/watch?v=X_dppNer2LE,,@phatjuno,Hello a @Teo Chicharito
https://www.youtube.com/watch?v=X_dppNer2LE,,@Thànhbin-m6h4j,chờ phản ứng của LĐBĐ VN
https://www.youtube.com/watch?v=X_dppNer2LE,,@blvanhquan68,vào thôi anh em ơi
https://www.youtube.com/watch?v=X_dppNer2LE,,@DanhNguyen-1905,Người dân Thái Lan nên đốt trụ sở FAT nếu muốn người Việt tha thứ cho tội lỗi của mình bằng ko đừng trách ở biên giới Thái Cam có binh lính nói được tiếng Việt
https://www.youtube.com/watch?v=X_dppNer2LE,,@tuanminh176,Chúng ta kh tham gia giải nữa bỏ giải
https://www.youtube.com/watch?v=X_dppNer2LE,,@kasumeow,"napoli của conte đúng là khôn nhà dại chợ, chỉ giỏi farm gà"
https://www.youtube.com/watch?v=X_dppNer2LE,,@quangphung9019,"thì chúng ta bỏ giải này, giả sau tham dự thôi"
https://www.youtube.com/watch?v=X_dppNer2LE,,@garublue999,hello e @Phát Juno
https://www.youtube.com/watch?v=X_dppNer2LE,,@blvanhquan68,like mạnh cho lên 300 likes nào anh em ơi
https://www.youtube.com/watch?v=X_dppNer2LE,,@SHADOW_RUNNER_VECTOR,2 anh nghĩ sao về việc chú Biên Cương rời VTV sang SCTV14. Liệu đây có phải đây là dấu hiệu việc VTV ở lĩnh vực thể thao đang đi xuống rõ rệt ạ? Bây giờ em chỉ thích xem K cộng và FPT thôi ạ.
https://www.youtube.com/watch?v=X_dppNer2LE,,@yoanndang,"xin nhỗi rồi, bỏ qua chứ làm căng để làm gì"
https://www.youtube.com/watch?v=X_dppNer2LE,,@uccuongpham8169,1 tổ chức quốc gia mà gọi sự cố ông
https://www.youtube.com/watch?v=X_dppNer2LE,,@TrungLang-li6tc,nhưng mà ông mang cờ TQ lên là vấn đề đấy
https://www.youtube.com/watch?v=X_dppNer2LE,,@ledung534,gạt là gạt thế éo nào
https://www.youtube.com/watch?v=X_dppNer2LE,,@LêNgọcThanh-t3z,CÓ NGƯỜI ĐẰNG SAU CỐ TÌNH LÀM ĐẤY
https://www.youtube.com/watch?v=X_dppNer2LE,,@tuanminh176,Bỏ giải này đi
https://www.youtube.com/watch?v=X_dppNer2LE,,@blvanhquan68,chuyện này nhạy cảm thật
https://www.youtube.com/watch?v=X_dppNer2LE,,@hoangtu5474,.
https://www.youtube.com/watch?v=X_dppNer2LE,,@lamphung8933,"Nhầm là nhầm thế nào được, cái cơ to lù lù thế. Em chưa tưởng tượng là nhầm như nào"
https://www.youtube.com/watch?v=X_dppNer2LE,,@TrungTran-fw1lf,hàng trăm nước ko nhầm lại nhầm với trung quốc
https://www.youtube.com/watch?v=X_dppNer2LE,,@yoanndang,tại cờ tq bắt chước cờ VN @Trung Trần
https://www.youtube.com/watch?v=X_dppNer2LE,,@tuanminh176,Cờ maloc dễ nhầm hơn mà
https://www.youtube.com/watch?v=X_dppNer2LE,,@trongquoc9357,Nghe trông anh ngược chán vcl
https://www.youtube.com/watch?v=X_dppNer2LE,,@DanhNguyen-1905,Người dân Thái Lan nên đốt trụ sở FAT nếu muốn người Việt tha thứ cho tội lỗi của mình bằng ko đừng trách ở biên giới Thái Cam có binh lính nói được tiếng Việt
https://www.youtube.com/watch?v=X_dppNer2LE,,@duncangaming4694,admin ban @Danh Nguyen gấp
https://www.youtube.com/watch?v=X_dppNer2LE,,@blvanhquan68,Like mạnh tay đi anh em ơi
https://www.youtube.com/watch?v=X_dppNer2LE,,@yoanndang,cờ tq lấy cảm hứng từ cờ VN nên dễ bị nhầm
https://www.youtube.com/watch?v=X_dppNer2LE,,@khoaangnguyen8248,Chú Trương Anh Ngọc nói chuyện hay quá
https://www.youtube.com/watch?v=X_dppNer2LE,,@yoanndang,"tiền donate là tiền cá nhân của AQ, khi nào làm là chuyện của AQ"
https://www.youtube.com/watch?v=X_dppNer2LE,,@khoaangnguyen8248,"Yoann Đặng, bạn chắc không. Có nghĩ ngược lại không"
https://www.youtube.com/watch?v=X_dppNer2LE,,@Squall_84,bớt mõm đi mấy thằng trẩu. chiến tranh ko phải trò đùa cho chúng mày mõm.
https://www.youtube.com/watch?v=X_dppNer2LE,,@ledung534,Nếu nó nhầm ở phần hiển thị trên bảng điện tử còn nói là sai sót.đằng này nó in ra lá thăm cơ mà.bảo nhầm thì chó nó tin nha A Ngọc
https://www.youtube.com/watch?v=X_dppNer2LE,,@Duchung19,Nhầm voi cờ ma rốc còn nghe hợp lý hơn
https://www.youtube.com/watch?v=X_dppNer2LE,,@duncangaming4694,admin làm được việc k alo?
https://www.youtube.com/watch?v=X_dppNer2LE,,@SHADOW_RUNNER_VECTOR,2 anh nghĩ sao về việc chú Biên Cương rời VTV sang SCTV14. Liệu đây có phải đây là dấu hiệu việc VTV ở lĩnh vực thể thao đang đi xuống rõ rệt ạ? Bây giờ em chỉ thích xem K cộng và FPT thôi ạ.
https://www.youtube.com/watch?v=X_dppNer2LE,,@khoaangnguyen8248,Shadowrunner K+ 31/12/2025 ngưng phát sóng do Canna + cty mẹ rút rồi
https://www.youtube.com/watch?v=X_dppNer2LE,,@blvanhquan68,Like mạnh tay nhé anh em
https://www.youtube.com/watch?v=X_dppNer2LE,,@cungDxemshow,"Ông Quân chả scam đâu, đến chính ổng còn đang bị nhà thầu chung cư scam cơ mà"
https://www.youtube.com/watch?v=X_dppNer2LE,,@La-Pass1ón,bye K+
https://www.youtube.com/watch?v=X_dppNer2LE,,@hoangtu5474,m zem đc gì
https://www.youtube.com/watch?v=X_dppNer2LE,,@midennie2361,47 Đăk Lăk chào BLV
https://www.youtube.com/watch?v=X_dppNer2LE,,@khoaangnguyen8248,Đang lo không biết bản quyền Premier League sẽ đi về đâu do K+ rút ae ơi
https://www.youtube.com/watch?v=X_dppNer2LE,,@HoanPham-cm7me,Liên quan gì về bóng đá
https://www.youtube.com/watch?v=X_dppNer2LE,,@SHADOW_RUNNER_VECTOR,Cái bạn trường Am là hay nhất luôn.
https://www.youtube.com/watch?v=X_dppNer2LE,,@hihihi5703,
https://www.youtube.com/watch?v=X_dppNer2LE,,@phatjuno,E hy vọng mình sẽ đóng góp 1 phần vào việc giúp các hoàn cảnh khó khăn ở We Speak Football ạ
https://www.youtube.com/watch?v=X_dppNer2LE,,@SHADOW_RUNNER_VECTOR,@Khoa Đặng Nguyên. hết cho k cộng rồi
https://www.youtube.com/watch?v=X_dppNer2LE,,@La-Pass1ón,Phải giải hạn thôi
https://www.youtube.com/watch?v=X_dppNer2LE,,@TuanminhNguyen-m7t,Benzema đá đít penaldo
https://www.youtube.com/watch?v=X_dppNer2LE,,@khoaangnguyen8248,"Shadow Runner, BLV Việt Khuê phải dạy Toán thêm thì ông hiểu nghề BLV ở VTV ntn hen"
https://www.youtube.com/watch?v=X_dppNer2LE,,@BonLa-w1q,hhjq
https://www.youtube.com/watch?v=X_dppNer2LE,,@blvanhquan68,Anh em like mạnh tay vào nhé
https://www.youtube.com/watch?v=X_dppNer2LE,,@NguyenNguyen-pg7ru,đừng
https://www.youtube.com/watch?v=X_dppNer2LE,,@phatjuno,Em vẫn thích bạn Khánh @Không Có Tên
https://www.youtube.com/watch?v=X_dppNer2LE,,@NguyenNguyen-pg7ru,tin chuẩn ch a
https://www.youtube.com/watch?v=X_dppNer2LE,,@GOD-of-trap,helllo
https://www.youtube.com/watch?v=X_dppNer2LE,,@GOD-of-trap,free ko anh
https://www.youtube.com/watch?v=X_dppNer2LE,,@LinhHPVN,"mẹ thiên nhiên nổi giận là do chính con người thôi, chính tay ta đang tự bóp nát nguồn sống của mình, tự loài người đưa nhau tới điệt vong"
https://www.youtube.com/watch?v=X_dppNer2LE,,@khoaangnguyen8248,"SCTV chỉ hot El Clasico, bth ít người xem hoặc hầu như kênh mỗi gia đình ít dùng SCTV. g cứ viettel và fpt"
https://www.youtube.com/watch?v=X_dppNer2LE,,@TakaTiki-r7m,sao Là Hầu chiếu a oi
https://www.youtube.com/watch?v=X_dppNer2LE,,@SHADOW_RUNNER_VECTOR,@Khoa Đặng Nguyên nghề đó không dễ vào đâu. Chú Khuê dạy toán cũng vì chú có người bố là tiến sĩ toán. Một nghề quá giá.
https://www.youtube.com/watch?v=X_dppNer2LE,,@SHADOW_RUNNER_VECTOR,Chỉ mấy sự kiện lớn thì may ra fpt và viettel đc chú ý
https://www.youtube.com/watch?v=X_dppNer2LE,,@khoaangnguyen8248,Nhưng tui nghĩ do vtv ko có bản quyền giải đấu trừ Vn đá ra thì đg đi xuống thật đó
https://www.youtube.com/watch?v=X_dppNer2LE,,@blvanhquan68,Cảm ơn anh em đã theo dõi chương trình
https://www.youtube.com/watch?v=X_dppNer2LE,,@thanho7779,chuẩn r anh ngọc
https://www.youtube.com/watch?v=X_dppNer2LE,,@blvanhquan68,"Anh em xôm tụ quá, cảm ơn đã giúp chương trình thêm sôi động nhé"
https://www.youtube.com/watch?v=X_dppNer2LE,,@toni.ng106,nào m bốc thăm thay cờ Thái bằng cờ CAm là đc
https://www.youtube.com/watch?v=X_dppNer2LE,,@nguyenanhquan4818,động đến quốc gia mà còn bảo bình thường
https://www.youtube.com/watch?v=X_dppNer2LE,,@blvanhquan68,Chúng ta đặt câu hỏi thêm về nhiều chuyện khác đi anh em
https://www.youtube.com/watch?v=X_dppNer2LE,,@nguyenanhquan4818,thằng blv anh ngọc loại ngụy quân tử
https://www.youtube.com/watch?v=X_dppNer2LE,,@binhhacker3850,"VCL KHÔNG PHẢI CHUYỆN QUÁ LỚN, LOGIC ĐÉO GÌ ĐÂY?"
https://www.youtube.com/watch?v=X_dppNer2LE,,@fairyman,anh Ngọc và a Quân làm việc xuyên trưa luôn hả
https://www.youtube.com/watch?v=X_dppNer2LE,,@thanho7779,thế bây giờ thái phải làm gì thì ms dc bạn
https://www.youtube.com/watch?v=X_dppNer2LE,,@BDSHaLongQN-TA,Chịu bố Ngọc động đến quốc gia dân tộc kêu bình thường
https://www.youtube.com/watch?v=X_dppNer2LE,,@khoaangnguyen8248,Anh em hoan hỷ anh em ơi. Cmt văn minh nha anh em
https://www.youtube.com/watch?v=X_dppNer2LE,,@duncangaming4694,@Bình Đinh Thanh thế bố muốn ngta phải làm j?
https://www.youtube.com/watch?v=X_dppNer2LE,,@khoaangnguyen8248,Chúc anh em buổi trưa vui vẻ
https://www.youtube.com/watch?v=X_dppNer2LE,,@La-Pass1ón,Thái Lan quả này lớn chuyện rồi
https://www.youtube.com/watch?v=X_dppNer2LE,,@blvanhquan68,"Buổi trưa vui vẻ nhé, cảm ơn anh em nhiều"
https://www.youtube.com/watch?v=X_dppNer2LE,,@binhhacker3850,ĐÚNG LÀ NGƯỜI VIỆT GỐC Ý
https://www.youtube.com/watch?v=X_dppNer2LE,,@blvanhquan68,Bình luận văn minh tránh toxic anh em nhé
https://www.youtube.com/watch?v=X_dppNer2LE,,@khoaangnguyen8248,"Mỗi người mỗi quan điểm, văn minh là dc ae ơi"
https://www.youtube.com/watch?v=X_dppNer2LE,,@viethoangchu4205,thế bon m bảo thái nó phải làm gì :)))
https://www.youtube.com/watch?v=X_dppNer2LE,,@KennyNguyen1989,Cerc fabregas hlv como
https://www.youtube.com/watch?v=X_dppNer2LE,,@toni.ng106,lớn hay nhỏ có nhà nước lo
https://www.youtube.com/watch?v=X_dppNer2LE,,@nguyenanhquan4818,mọe cái sự kiện nhỏ ở xã ta người ta còn phải tổng duyệt trước khi làm chính thức. Đây sự kiện tầm khu vực mà ko duyệt trc. Đây à cố tính làm cẩu thả
https://www.youtube.com/watch?v=X_dppNer2LE,,@duncangaming4694,"cứ đòi làm này làm kia chịu chết, đọc luật đi các bố, kphai cứ động cái r làm càn"
https://www.youtube.com/watch?v=X_dppNer2LE,,@QuốcTuấnTrần-u7p,"Chú Ngọc cho con hỏi, vụ Nga muốn đăng cai World Cup thay vì ý, và với tư cách là người hâm mộ bóng đá Ý như chú, thì chú nhìn nhận vấn đề này như thế nào ạ?"
https://www.youtube.com/watch?v=X_dppNer2LE,,@toni.ng106,lo mà cống hiến cho đất nc đi
https://www.youtube.com/watch?v=X_dppNer2LE,,@nam193abc,Đụng đến lòng tự tôn dân tộc bảo mỗi người 1 quan điểm ?
https://www.youtube.com/watch?v=X_dppNer2LE,,@SHADOW_RUNNER_VECTOR,@Khoa Đặng Nguyên Khôi nhớ 1 thời vtv ngày xưa từng phát c1 ầm ầm luôn.
https://www.youtube.com/watch?v=X_dppNer2LE,,@bongcuoi2023,thay.như thay.áo vậy
https://www.youtube.com/watch?v=X_dppNer2LE,,@hogiahuy4652,nhầm cờ ý thành cờ pháp chắc anh ngọc cay hơn:))) (j4f)
https://www.youtube.com/watch?v=X_dppNer2LE,,@TienNguyen-db6wb,Ông định sang đánh nhau với Thái Lan à?
https://www.youtube.com/watch?v=X_dppNer2LE,,@blvanhquan68,"cảm ơn anh em đã like nhé, like mạnh hơn nữa nào"
https://www.youtube.com/watch?v=X_dppNer2LE,,@khoatrananh1366,Juv sa thải turdo
https://www.youtube.com/watch?v=X_dppNer2LE,,@QuangDuy-p6o,Tập chung vô chương trình đi các anh
https://www.youtube.com/watch?v=X_dppNer2LE,,@La-Pass1ón,Hồ gia Huy ko được trêu nhé
https://www.youtube.com/watch?v=X_dppNer2LE,,@phongmaithe6637,thì chảng mỗi người 1 quan điểm. ông ko chấp nhận kệ ông.
https://www.youtube.com/watch?v=X_dppNer2LE,,@drangonproe7783,kross và p.scholes khen pedri đơn giản vì họ chơi cùng vị trí cùng tầm nhìn v thoi
https://www.youtube.com/watch?v=X_dppNer2LE,,@TienNguyen-db6wb,Vấn đề đến mức nào để những bên có thẩm quyền đánh giá và xử lý
https://www.youtube.com/watch?v=X_dppNer2LE,,@toni.ng106,Pedri với Bell có cùng vị trí đâu
https://www.youtube.com/watch?v=X_dppNer2LE,,@blvanhquan68,"chúng ta tập trung cho chương trình, đừng toxic nhé, cảm ơn anh em nhiều"
https://www.youtube.com/watch?v=X_dppNer2LE,,@khoaangnguyen8248,Juventus g thay ai thì dcc ta
https://www.youtube.com/watch?v=X_dppNer2LE,,@La-Pass1ón,Ange postecolu về juve thì sao
https://www.youtube.com/watch?v=X_dppNer2LE,,@kasumeow,"kiên nhẫn với motta có khi lại ngon, ông tudor này chả có bài vở gì cả"
https://www.youtube.com/watch?v=X_dppNer2LE,,@lunheo6153,"malaysia bị trừ điểm chưa , nhập tịch trái phép mà chưa xử xong à"
https://www.youtube.com/watch?v=X_dppNer2LE,,@toni.ng106,"Paul Scholes: ""Cậu ấy giỏi hơn bất cứ ai chúng ta từng thấy"" khi nói về Bellingham nhé"
https://www.youtube.com/watch?v=X_dppNer2LE,,@drangonproe7783,anh ngọc nhắc tới b đá ý cái nói bon tht
https://www.youtube.com/watch?v=X_dppNer2LE,,@yoanndang,MU trở lại kịch tính hơn Liver
https://www.youtube.com/watch?v=X_dppNer2LE,,@DucNguyen-xh4cg,lối đá truyền thống của Juve là gì nhỉ các pro?
https://www.youtube.com/watch?v=X_dppNer2LE,,@haithanh6026,đúng z
https://www.youtube.com/watch?v=X_dppNer2LE,,@La-Pass1ón,slot trình ngang Tenhag nhưng may mắn hơn
https://www.youtube.com/watch?v=X_dppNer2LE,,@khoaangnguyen8248,"Juventus giống Celta Vigo, HOÀ đại nhân. Hoà 5-7 trận liên tục"
https://www.youtube.com/watch?v=X_dppNer2LE,,@Real-Madrid-No1-fan,xin phép nói đùa tí nhé ae. Ngân 98 và Lương Bằng Quang gia nhập Juve đá vị trí nào là hợp lý
https://www.youtube.com/watch?v=X_dppNer2LE,,@blvanhquan68,Anh em có câu hỏi gì về loạt trận cuối tuần này không nhỉ
https://www.youtube.com/watch?v=X_dppNer2LE,,@MinhNguyennnnnn,Ban thằng kia kick war
https://www.youtube.com/watch?v=X_dppNer2LE,,@letuananh9324,a anh ngọc nói rất chí lý
https://www.youtube.com/watch?v=X_dppNer2LE,,@hoangduy5114,đừng ông nào dnt nch về bóng đá ý nữa xin đấy
https://www.youtube.com/watch?v=X_dppNer2LE,,@hoangduy5114,anh ngọc nói hết nửa tiếng r
https://www.youtube.com/watch?v=X_dppNer2LE,,@khoaangnguyen8248,Huy nguyen. Cặp cánh lên công về thở nha akkaka
https://www.youtube.com/watch?v=X_dppNer2LE,,@DungHoang-uf8xy,Đúng
https://www.youtube.com/watch?v=X_dppNer2LE,,@thujunior2343,như này mà bảo là sự cố thì chịuuuu
https://www.youtube.com/watch?v=X_dppNer2LE,,@thujunior2343,còn ko biết cờ VN nữaaa
https://www.youtube.com/watch?v=X_dppNer2LE,,@hwngng01,đúng
https://www.youtube.com/watch?v=X_dppNer2LE,,@Ductam03,???
https://www.youtube.com/watch?v=X_dppNer2LE,,@hainguyenson6538,Ông Ngọc nói mà nghe đc à ???
https://www.youtube.com/watch?v=X_dppNer2LE,,@HuyHoangNguyen-gv1mb,??? dá vs nhau đc bao nhiêu năm rồi mà bảo ko bt
https://www.youtube.com/watch?v=X_dppNer2LE,,@gatocchien9624,ko biết cái déo gì
https://www.youtube.com/watch?v=X_dppNer2LE,,@TienTran-tmt9,em nghi ho lam vay cho minh bo? giai? de loai di mot doi thu? cung
https://www.youtube.com/watch?v=X_dppNer2LE,,@HiepNguyen-we3kx,"Đấy là mặt mũi châu Á thôi, chứ cờ liên quan gì ????????"
https://www.youtube.com/watch?v=X_dppNer2LE,,@trungbui8844,Thái Lan không biết cờ Việt Nam ???
https://www.youtube.com/watch?v=X_dppNer2LE,,@tqgminh,"Anh Quân nói chuẩn, đần mới làm vậy"
https://www.youtube.com/watch?v=X_dppNer2LE,,@Ductam03,đá suốt ngày mà ko biết cờ??
https://www.youtube.com/watch?v=X_dppNer2LE,,@trananhhoang6089,Mang tiếng ae hàng xóm mà k biết. Đùa à ?
https://www.youtube.com/watch?v=X_dppNer2LE,,@khoatrananh1366,Đúng nha đi du lịch còn nhầm 2 nước
https://www.youtube.com/watch?v=X_dppNer2LE,,@quanchuc4881,nói đần
https://www.youtube.com/watch?v=X_dppNer2LE,,@gatocchien9624,gặp bao nhiêu lâu kêu ko biết
https://www.youtube.com/watch?v=X_dppNer2LE,,@hainguyenson6538,Chứng tỏ ông này đang coi nhẹ vị thế và lá cờ Việt Nam
https://www.youtube.com/watch?v=X_dppNer2LE,,@thujunior2343,"giài ĐNA tại sao lai nhầm vs cờ TQ, họ ko biết cờ TQ à"
https://www.youtube.com/watch?v=X_dppNer2LE,,@HuyHoangNguyen-gv1mb,Thái Lan ko bt cờ VN tẩy não à
https://www.youtube.com/watch?v=X_dppNer2LE,,@khoaangnguyen8248,Anh em bình tĩnh ae ơiii
https://www.youtube.com/watch?v=X_dppNer2LE,,@HiepNguyen-we3kx,nói tào lao
https://www.youtube.com/watch?v=X_dppNer2LE,,@MrBungMo,Respect A Ngọc về sự hiểu biết và vị thế của anh nhưng anh nói thế thì không ổn đâu anh ơi
https://www.youtube.com/watch?v=X_dppNer2LE,,@blvanhquan68,"Cái lá cờ rõ vậy mà còn không biết, thua cái ông bốc cờ"
https://www.youtube.com/watch?v=X_dppNer2LE,,@hongvietlinh4686,ông AN co vấn đề về nhận thưcs
https://www.youtube.com/watch?v=X_dppNer2LE,,@Lookattan46,"đần thật đấy , có những ng đéo biết thật đâu"
https://www.youtube.com/watch?v=X_dppNer2LE,,@anhoan1950,ông Ngọc nói linh tinh
https://www.youtube.com/watch?v=X_dppNer2LE,,@La-Pass1ón,
https://www.youtube.com/watch?v=X_dppNer2LE,,@MinhNguyennnnnn,Ngay cạnh nhau sao ko biết dc
https://www.youtube.com/watch?v=X_dppNer2LE,,@QuangDuy-p6o,Sắp hết giờ luôn rồi
https://www.youtube.com/watch?v=X_dppNer2LE,,@ucvo1532,không đồng tình với anh Ngọc
https://www.youtube.com/watch?v=X_dppNer2LE,,@ledung5723,ông chả có tý lòng tự tôn dân tộc nào
https://www.youtube.com/watch?v=X_dppNer2LE,,@anhoan1950,người làm trong LDBD thì phải biết chứ.
https://www.youtube.com/watch?v=X_dppNer2LE,,@quanchuc4881,nói chuyện kiểu k quá quan trọng việc này nhỉ
https://www.youtube.com/watch?v=X_dppNer2LE,,@ChuGiaARS,"k pik ai cho làm, ông Ngọc ngáo này"
https://www.youtube.com/watch?v=X_dppNer2LE,,@tano1749,"hiêu thâm thúy anh Ngọc nói xíu mấy ông, ko lẽ nói thẳng"
https://www.youtube.com/watch?v=X_dppNer2LE,,@hainguyenson6538,Ô ngọc nói năng cẩn thận đấy
https://www.youtube.com/watch?v=X_dppNer2LE,,@gatocchien9624,cùng một khi vực kêu ko biết
https://www.youtube.com/watch?v=X_dppNer2LE,,@enthusiastic1,Hên nó chưa đưa cờ sọc
https://www.youtube.com/watch?v=X_dppNer2LE,,@JotbsonDanielUSA,"Sống cùng khu vực bao nhiêu năm, thi đấu thể thao kè cựa các thứ, ông cầm cờ thì già, nếu là người Châu Phi hay Nam Mỹ còn hiểu được...Thiếu kiến thức và thiếu tinh tế khi xử lý cầm cờ"
https://www.youtube.com/watch?v=X_dppNer2LE,,@bear.2812,chị anh Ngọc đây à
https://www.youtube.com/watch?v=X_dppNer2LE,,@ucvo1532,anh Ngọc ăn nói cho cẩn thận
https://www.youtube.com/watch?v=X_dppNer2LE,,@La-Pass1ón,đừng var nhau nữa
https://www.youtube.com/watch?v=X_dppNer2LE,,@hongvietlinh4686,"ngáo rõ ,"
https://www.youtube.com/watch?v=X_dppNer2LE,,@bongcuoi2023,có thể CÓ NGƯỜI MUỐN HẠ BÀ CHỦ TỊCH THÁI
https://www.youtube.com/watch?v=X_dppNer2LE,,@HoangNguyen-vk5in,"ong Ngoc nay biet ma, tren nay ong ay noi the thoi, ong biet nhieu hon minh day"
https://www.youtube.com/watch?v=X_dppNer2LE,,@tienthanhtran3900,Càng ngưyf càng nát
https://www.youtube.com/watch?v=X_dppNer2LE,,@phongnguyen13629,alpha
https://www.youtube.com/watch?v=X_dppNer2LE,,@blvanhquan68,Yamal có ngông cuồng không anh em?
https://www.youtube.com/watch?v=X_dppNer2LE,,@TienNguyen-db6wb,"xồn xồn lên cay cú, định đánh nhau với Thái à :)))"
https://www.youtube.com/watch?v=X_dppNer2LE,,@xuancuongdo9630,"VN suốt ngày vẫn còn dùng các từ ""tác chiến"", ""thù địch"" thì người ta mới nghĩ mình còn chiến tranh đấy"
https://www.youtube.com/watch?v=X_dppNer2LE,,@ucvo1532,anh Ngọc đừng có kiểu nói vậy
https://www.youtube.com/watch?v=X_dppNer2LE,,@khoaangnguyen8248,Ý là Gen X anh em ơi
https://www.youtube.com/watch?v=X_dppNer2LE,,@phongnguyen13629,yamal là gen z mà
https://www.youtube.com/watch?v=X_dppNer2LE,,@AnhKhảiđeptraibodoiqua,Dám làm gì Thailan ?? Đồng minh của USA đó haha
https://www.youtube.com/watch?v=X_dppNer2LE,,@khoaangnguyen8248,Lộn Gen Z ae
https://www.youtube.com/watch?v=X_dppNer2LE,,@MinhDang-iv6rn,hay bỏ giải
https://www.youtube.com/watch?v=X_dppNer2LE,,@duncangaming4694,chính các ông mới đang làm ảnh hưởng đến bộ mặt quốc gia đấy
https://www.youtube.com/watch?v=X_dppNer2LE,,@DungHoang-uf8xy,Tiến nguyễn ơi tiến đẻ ra ở trung quốc à :))
https://www.youtube.com/watch?v=X_dppNer2LE,,@nguyendinh-x4q,"sao , các bạn muốn chiến tranh hay muốn gây thù địch 2 quốc gia , định kích động hận thù dân tộc ak"
https://www.youtube.com/watch?v=X_dppNer2LE,,@ucvo1532,lạy mấy ông toàn tát nước theo mưa
https://www.youtube.com/watch?v=X_dppNer2LE,,@New-ARS1,bóng đá đi hỏi chuyện olympia
https://www.youtube.com/watch?v=X_dppNer2LE,,@DungVuDuc1997,Có thể không biết cờ VN nhưng không thể không biết cờ của TQ được ??
https://www.youtube.com/watch?v=X_dppNer2LE,,@khoaangnguyen8248,"Chuẩn anh ơi, Gen Z sống ""cá tính"" hơn"
https://www.youtube.com/watch?v=X_dppNer2LE,,@loiphan2985,"mấy ông cào phím vừa thôi. ngta nói vậy là để nói giảm nói tránh, k phải cái gì cũng làm ầm ầm lên để ae gây hấn lên"
https://www.youtube.com/watch?v=X_dppNer2LE,,@duncangaming4694,Thế bây giờ hỏi thật mấy ông tính làm gì? Chiến tranh à? Ngáo đét
https://www.youtube.com/watch?v=X_dppNer2LE,,@vinhpham0209,"ủa tư tưởng gì đấy BLV Anh Ngọc, can đảm bằng đôi chân chứ lời nói à?"
https://www.youtube.com/watch?v=X_dppNer2LE,,@blvanhquan68,cần phải kiểm soát phát ngôn của Yamal anh em nhỉ
https://www.youtube.com/watch?v=X_dppNer2LE,,@xuancuongdo9630,"bỏ giải đi, hay là đem quân sang đánh Thái lan. mấy ông có chịu cầm súng qua đánh không? cào phím là giỏi"
https://www.youtube.com/watch?v=X_dppNer2LE,,@thanhNguyen-bx9mi,mẹ mùa trước thua cả 4 thì k thấy nói
https://www.youtube.com/watch?v=X_dppNer2LE,,@ucvo1532,toàn nói xuôi theo chả có chính kiến gì
https://www.youtube.com/watch?v=X_dppNer2LE,,@anhbau-c4e,1 thằng nhóc xúc phạm cả 1 clb vĩ đại mà bảo ko sao
https://www.youtube.com/watch?v=X_dppNer2LE,,@HuyHoangNguyen-gv1mb,trình độ ko có mõm chúng nó chả chửi cho
https://www.youtube.com/watch?v=X_dppNer2LE,,@ducnam5165,Ông Ngọc này nghĩ gì trong đầu vậy
https://www.youtube.com/watch?v=X_dppNer2LE,,@nhanguyen3016,ông anh ngọc này nói nhiều nhưng cái lối suy nghỉ hơi ngược đời
https://www.youtube.com/watch?v=X_dppNer2LE,,@MinhNguyennnnnn,Yamal nói có sai đâu
https://www.youtube.com/watch?v=X_dppNer2LE,,@TienNguyen-db6wb,toàn bọn trẻ con
https://www.youtube.com/watch?v=X_dppNer2LE,,@thanho7779,yamal nói gì sai à
https://www.youtube.com/watch?v=X_dppNer2LE,,@duonghoangthao,huyên thuyên
https://www.youtube.com/watch?v=X_dppNer2LE,,@Super_Bư,@thành Nguyễn mùa trước nữa Barca thua cả 4 trận sao ko nói
https://www.youtube.com/watch?v=X_dppNer2LE,,@xuancuongdo9630,"mấy ông chửi a Ngọc thì cho tôi biết là mấy ông muốn giải quyết vụ Thái lan như thế nào? muốn bỏ giải hả, hay muốn đánh nhau với Thái?"
https://www.youtube.com/watch?v=X_dppNer2LE,,@crues2224,cái này kể lâu rồi mà ;)))
https://www.youtube.com/watch?v=X_dppNer2LE,,@duncangaming4694,dell mọe mới kí Công ước Hà Nội xong các bố vẫn chả chịu trưởng thành lên hay j cả
https://www.youtube.com/watch?v=X_dppNer2LE,,@ThuanLe-ln2qm,anh ngọc nói miên man quá dài dòng vl thích anh tùng hơn
https://www.youtube.com/watch?v=X_dppNer2LE,,@putinnguyend.7963,siêu sao sẽ có cái TÔI rất lớn. Bác AN nói cũng có lý
https://www.youtube.com/watch?v=X_dppNer2LE,,@anhbau-c4e,sai hay đúng thì nhìn tương tác mxh là biết
https://www.youtube.com/watch?v=X_dppNer2LE,,@duypham9208,trọng tài Michael bị ngáo hả :)))
https://www.youtube.com/watch?v=X_dppNer2LE,,@toni.ng106,ko sai thì đúng chỗ nào
https://www.youtube.com/watch?v=X_dppNer2LE,,@drangonproe7783,các bạn ph hiểu là el classico nhàm chán hơn quá nhiều khi ko có ro si giờ mới nóng đc lại ntn không vui lại đi chửi họ lmj
https://www.youtube.com/watch?v=X_dppNer2LE,,@TenAnhHoDo,Chỉ có fan mu mới tin mu đua vô địch thôi :))))
https://www.youtube.com/watch?v=X_dppNer2LE,,@fairyman,a Ngọc nhiều câu chuyện quá
https://www.youtube.com/watch?v=X_dppNer2LE,,@NguyễnVănDươngAkaDNMX97,ĐUA VÔ ĐỊCH Ạ HAIZ VL CÁC BẠN FAN MU
https://www.youtube.com/watch?v=X_dppNer2LE,,@nguyendinh-x4q,"yêu nước thì sống sao cho tốt , đạo đức tốt , chấp hành pháp luật , đừng làm xấu mặt hình ảnh đất nước , lên mạng cào phím mõm ko , đi nvqs thì trốn lên trốn xuống , ra nước ngoài làm trộm cắp,"
https://www.youtube.com/watch?v=X_dppNer2LE,,@khoaangnguyen8248,Đúng nha Drangon ơi. Lâu lâu có tí sức hút El Clasico
https://www.youtube.com/watch?v=X_dppNer2LE,,@putinnguyend.7963,MU mới thắng 3 trận liền mà....
https://www.youtube.com/watch?v=X_dppNer2LE,,@NguyenDuc-rt1fp,SAO THẾ DƯƠNG MUỐN ĐUA VDD VS MU À
https://www.youtube.com/watch?v=X_dppNer2LE,,@marijnphan1703,hiếu ck ray bảo thế
https://www.youtube.com/watch?v=X_dppNer2LE,,@NhatVuLuong-kg4pu,Ông Ngọc nói éo ai nghe được. Ông cao thượng quá .những người nằm trong liên đoàn bóng đá Thái Lan là bọn đao ah mà nó không biết cờ Việt Nam .
https://www.youtube.com/watch?v=X_dppNer2LE,,@JotbsonDanielUSA,Lần sau cứ mời a Quang Huy vs Quang Tùng nói chuyên môn hơn mà đỡ nói nhiều hơn
https://www.youtube.com/watch?v=X_dppNer2LE,,@kasumeow,mu thắng được 3 trận bắt đầu mơ vô địch rồi à
https://www.youtube.com/watch?v=X_dppNer2LE,,@AnhKhảiđeptraibodoiqua,"WC còn phát lộn quốc ca đc mà, cái này bỏ bèn gì"
https://www.youtube.com/watch?v=X_dppNer2LE,,@NguyenDuc-rt1fp,CHỨ CHẢ NHẼ THUA 4 VS 3 TRẬN LIÊN TIẾP ĐUA VÔ ĐỊCH À ??
https://www.youtube.com/watch?v=X_dppNer2LE,,@bachphung6567,hiếu ck ray là ai vậy?
https://www.youtube.com/watch?v=X_dppNer2LE,,@xuantruong4990,không phải đâu anh vini quay lại đợi yamal á anh
https://www.youtube.com/watch?v=X_dppNer2LE,,@ph4t1303,fan MU
https://www.youtube.com/watch?v=X_dppNer2LE,,@anhbau-c4e,quay lại để chờ combat cuối trận mà. vào hầm để thay dép thôi
https://www.youtube.com/watch?v=X_dppNer2LE,,@Lookattan46,nó vào cầm đồ ra định phang nhau đó hả =))
https://www.youtube.com/watch?v=X_dppNer2LE,,@xuantruong4990,thua nốt là ok
https://www.youtube.com/watch?v=X_dppNer2LE,,@khoaangnguyen8248,"Sợ Liver giống Mc năm ngoái, thua chuỗi 9 luôn. Slot nên làm gì đi"
https://www.youtube.com/watch?v=X_dppNer2LE,,@xuantruong4990,đầu trứng đến thế là cùng
https://www.youtube.com/watch?v=X_dppNer2LE,,@kasumeow,"các đối thủ cạnh tranh khá bất ổn, cơ hội của arsenal, không mùa này thì mùa nào nữa"
https://www.youtube.com/watch?v=X_dppNer2LE,,@blvanhquan68,Cảm ơn anh em đã cmt xôm tụ nhé
https://www.youtube.com/watch?v=X_dppNer2LE,,@anhbau-c4e,theo khẩu hình miệng thì yamal đã nói : thích thì ra bãi xe còn vini trả lời : ngay và luôn đi thằng nhóc
https://www.youtube.com/watch?v=X_dppNer2LE,,@La-Pass1ón,mọi người bảo khôn lõi
https://www.youtube.com/watch?v=X_dppNer2LE,,@namnonghoai5828,chương trình bóng đá mà nch đâu đâu
https://www.youtube.com/watch?v=X_dppNer2LE,,@NamTrong87,Sao chương trình ns về bóng đá mà lại ns olympia v
https://www.youtube.com/watch?v=X_dppNer2LE,,@nnnrkoe999,từ bóng đá sang olimpia
https://www.youtube.com/watch?v=X_dppNer2LE,,@xuantruong4990,pháo đá xù xì quá ko có nét
https://www.youtube.com/watch?v=X_dppNer2LE,,@hlubadmintonteam3868,Anh Ngọc nói quan điểm thế kia là sai hoàn toàn. Sự kiện ở xã ngta còn tổng duyệt qua trước chứ chẳng nói đến tầm châu lục
https://www.youtube.com/watch?v=X_dppNer2LE,,@TrungThanh-yy2if,hỏi thì trl th chứ ơ hay thắc mắc j
https://www.youtube.com/watch?v=X_dppNer2LE,,@xuantruong4990,tầm 15 vòng cái đuối ))
https://www.youtube.com/watch?v=X_dppNer2LE,,@namnonghoai5828,"thà bóng đá mà nói sang bóng chuyền, tennis, thể thao tí còn được"
https://www.youtube.com/watch?v=X_dppNer2LE,,@hlubadmintonteam3868,"Động vào lòng tự tôn, lá cờ là vô cùng nghiêm trọng"
https://www.youtube.com/watch?v=X_dppNer2LE,,@AnhKhảiđeptraibodoiqua,Thì làm gì ngta?
https://www.youtube.com/watch?v=X_dppNer2LE,,@hlubadmintonteam3868,Ông nói trên tg nhiều
https://www.youtube.com/watch?v=X_dppNer2LE,,@AnhKhảiđeptraibodoiqua,"Anh cả đông nam á, m muốn làm gì ngta :)))"
https://www.youtube.com/watch?v=X_dppNer2LE,,@kasumeow,"nam định mời hlv nước ngoài mới giao tiếp được với ngoại binh, hlv vũ hồng việt ko đủ trình để dẫn dắt"
https://www.youtube.com/watch?v=X_dppNer2LE,,@hlubadmintonteam3868,Nhưng Việt Nam chúng ta hoàn toàn khác
https://www.youtube.com/watch?v=X_dppNer2LE,,@AnhKhảiđeptraibodoiqua,Yêu nước độc hại à
https://www.youtube.com/watch?v=X_dppNer2LE,,@khoaangnguyen8248,Pháo năm nay đá chắc quá. 1-0 2-0 đá an toàn. Chiến thuật thầy Tạ chắc từng trận
https://www.youtube.com/watch?v=X_dppNer2LE,,@nhaautu9981,yêu nước tiêu cực thế ?
https://www.youtube.com/watch?v=X_dppNer2LE,,@Lookattan46,"thế bạn HLU đưa ra giải pháp đi , xong bạn đưa ý kiến lên Nhà nước xem"
https://www.youtube.com/watch?v=X_dppNer2LE,,@anhbau-c4e,nhiều khi TL cố tình tạo drama pr cho giải. nếu ko có vụ nhầm cờ này có mấy người biết đến giải này
https://www.youtube.com/watch?v=X_dppNer2LE,,@trungbui8844,Thay cờ Thái bằng cờ Cam xem có chịu không
https://www.youtube.com/watch?v=X_dppNer2LE,,@khoaangnguyen8248,Hay quá Anh Khải ơi
https://www.youtube.com/watch?v=X_dppNer2LE,,@duncangaming4694,"@HLU Badminton Team bỏ cái kiểu tư duy trung tâm đi, chưa bằng ai đâu"
https://www.youtube.com/watch?v=X_dppNer2LE,,@duonghoangthao,huyên thuyên
https://www.youtube.com/watch?v=X_dppNer2LE,,@TiVi-Lộc-Nguyễn-93,Chương trình ko có kịch bản. Ngta donate đặt câu hỏi gì thì kệ ngta chứ. Mấy ông nhắn tin chửi vớ vẩn thật
https://www.youtube.com/watch?v=X_dppNer2LE,,@hlubadmintonteam3868,Quyết Chiến đánh Bida còn bỏ giải đc
https://www.youtube.com/watch?v=X_dppNer2LE,,@khoaangnguyen8248,Kick Raptor WU admin
https://www.youtube.com/watch?v=X_dppNer2LE,,@bongcuoi2023,BÀ CHỦ TỊCH THÁI BỊ HẠI RỒI
https://www.youtube.com/watch?v=X_dppNer2LE,,@duncangaming4694,Ban thg @HLU Badminton Team đi admin
https://www.youtube.com/watch?v=X_dppNer2LE,,@khoaangnguyen8248,VĂN MINH LÊN AE !!!!
https://www.youtube.com/watch?v=X_dppNer2LE,,@phamxuan4466,"Hay lắm A ngọc ơi, yêu nước mà chửi tục thì khác phun nước miếng vào chính quốc gia của mình"
https://www.youtube.com/watch?v=X_dppNer2LE,,@nnnrkoe999,:)))
https://www.youtube.com/watch?v=X_dppNer2LE,,@blvanhquan68,Anh em nghĩ ai hay hơn nhỉ?
https://www.youtube.com/watch?v=X_dppNer2LE,,@duncangaming4694,"lao vào trang cá nhân ngta chửi linh ta linh tinh như cái chợ xong bảo đó là tự tôn dân tộc, hài dón"
https://www.youtube.com/watch?v=X_dppNer2LE,,@La-Pass1ón,tiểu Bruno của barca
https://www.youtube.com/watch?v=X_dppNer2LE,,@anhbau-c4e,pedri hơn bell đúng mỗi cái kéo áo
https://www.youtube.com/watch?v=X_dppNer2LE,,@ph4t1303,tiểu lên đầu bruno thì có =))
https://www.youtube.com/watch?v=X_dppNer2LE,,@MinhNguyennnnnn,Pedri hay bao nhiêu năm rồi
https://www.youtube.com/watch?v=X_dppNer2LE,,@La-Pass1ón,Pedri vs Jude qua Epl xách dép cho Bruno thì được
https://www.youtube.com/watch?v=X_dppNer2LE,,@khoaangnguyen8248,Ok tiểu Kevin
https://www.youtube.com/watch?v=X_dppNer2LE,,@khoaangnguyen8248,Pedri Jude đẳng cấp khác rồi
https://www.youtube.com/watch?v=X_dppNer2LE,,@MinhNguyennnnnn,Xách dép top 15 epl
https://www.youtube.com/watch?v=X_dppNer2LE,,@Paimon-v2d,chương trình sắp tạo ra thêm 1 bé bắp nữa à :))
https://www.youtube.com/watch?v=X_dppNer2LE,,@anhbau-c4e,riêng trận vừa rồi là thấy hơn bellingham 1 meme kéo áo và 1 thẻ đỏ
https://www.youtube.com/watch?v=X_dppNer2LE,,@xuantruong4990,đến vòng 15 vào form cũng ổn mà
https://www.youtube.com/watch?v=X_dppNer2LE,,@TiepLam-el1zr,ông ngọc chả biết gì về bóng đá mà phán tầm bậy tầm bạ
https://www.youtube.com/watch?v=X_dppNer2LE,,@xuantruong4990,erik tenhag 2.0
https://www.youtube.com/watch?v=X_dppNer2LE,,@NguyenDuc-rt1fp,THẾ ÔNG TIỆP LAM BIẾ GÌ VỀ BÓNG ĐÁ
https://www.youtube.com/watch?v=X_dppNer2LE,,@Lookattan46,"người ta ngồi nói, ông biết thì cầm dy cmt , đời haig"
https://www.youtube.com/watch?v=X_dppNer2LE,,@DuongQuach-lw6ni,"Andree ơi mày biết xem đá bóng k mà bảo pedri jems belling , 4 trận el classico tr thì real toàn thua đấy"
https://www.youtube.com/watch?v=X_dppNer2LE,,@La-Pass1ón,Cầm cái đội hình Liverpool năm ngoái thì Tenhag ăn 6 luôn ấy chứ
https://www.youtube.com/watch?v=X_dppNer2LE,,@longhoang-xc6xg,"Có khi là một âm mưu trong nội bộ Thái Lan để hạ bệ người đứng đầu liên đoàn Thái , vì hầu như một khi có lỗi gì đó thì người chịu trách nhiệm là người đứng đầu hết ."
https://www.youtube.com/watch?v=X_dppNer2LE,,@xuantruong4990,Cb thiếu ko mua all in hàng công thì chịu thou
https://www.youtube.com/watch?v=X_dppNer2LE,,@blvryo,Bạn Bích Hạnh này là bạn gái của Văn Thanh
https://www.youtube.com/watch?v=X_dppNer2LE,,@duncangaming4694,@Dương Quach mùa trc nữa Barca full 4 trận thua sao k nói?
https://www.youtube.com/watch?v=X_dppNer2LE,,@kasumeow,"thằng trọc slot này trình thua ten hag mà, liverpool đội hình mạnh hơn mu thôi"
https://www.youtube.com/watch?v=X_dppNer2LE,,@KennyNguyen1989,Moi nguoi hỏi anh Ngọc biết tiếng Ý không
https://www.youtube.com/watch?v=X_dppNer2LE,,@TiepLam-el1zr,"nói chả rõ ràng, kiểu chung chung, người bình thường như t còn nói được"
https://www.youtube.com/watch?v=X_dppNer2LE,,@doductai24,thua tenhag mà là đkvđ hả
https://www.youtube.com/watch?v=X_dppNer2LE,,@xuantruong4990,vẫn là nhũng con người đếy nhưng bị tụt lại
https://www.youtube.com/watch?v=X_dppNer2LE,,@toni.ng106,@Dương Quach kể năm ngoái ko kể nốt 4 trận năm kia đi
https://www.youtube.com/watch?v=X_dppNer2LE,,@TuanminhNguyen-m7t,hôm bl bda ý trọng tài ý nói ko công nhận bàn thắng ông thì phán như đúng rồi quê vãi
https://www.youtube.com/watch?v=X_dppNer2LE,,@xuantruong4990,mà sao ko mua CB đi
https://www.youtube.com/watch?v=X_dppNer2LE,,@duncangaming4694,Mùa trc nữa bị Benzema gõ nhẹ cái hattrick ở Camp Nou quên nhanh thế nhỉ
https://www.youtube.com/watch?v=X_dppNer2LE,,@phatjuno,Liverpool có thể trở lại ở vòng đấu tiếp theo
https://www.youtube.com/watch?v=X_dppNer2LE,,@ducnothing,nhưng mà có Siêu sao trong đội nó vận khác
https://www.youtube.com/watch?v=X_dppNer2LE,,@ledung534,ghép tạng hoài
https://www.youtube.com/watch?v=X_dppNer2LE,,@bongcuoi2023,như fan mu cứ ở trong hang.thì fan live k có hang.để vaob
https://www.youtube.com/watch?v=X_dppNer2LE,,@ph4t1303,MU sắp đua vô địch rồi kìa... huhu
https://www.youtube.com/watch?v=X_dppNer2LE,,@TiepLam-el1zr,"trình độ thua xa Minh Việt, Hải Thanh, Biên Cương, khắc Cường"
https://www.youtube.com/watch?v=X_dppNer2LE,,@thangbui7912,anh ngọc tóc lâu dài nhỉ
https://www.youtube.com/watch?v=X_dppNer2LE,,@yoanndang,đội nào cũng là Stoke City
https://www.youtube.com/watch?v=X_dppNer2LE,,@La-Pass1ón,Fan Liverpool ngước đầu lên zời thấy 2 hondai Mu
https://www.youtube.com/watch?v=X_dppNer2LE,,@xuantruong4990,yarmal nên đến primerleage chứ ở bacar chỉ sợ nợ lương …
https://www.youtube.com/watch?v=X_dppNer2LE,,@cristianoronaldo8151,"3,6 nghìn người zem, tín hiệu var??"
https://www.youtube.com/watch?v=X_dppNer2LE,,@nguyentranquyethung5848,nghĩ sao mà kêu người làm thể thao thái lan không biết cờ việt nam
https://www.youtube.com/watch?v=X_dppNer2LE,,@haminhphung2636,Có một sự thật k thể sai là tất cả sự cố đó đều đến từ phía thái hẹn hạ
https://www.youtube.com/watch?v=X_dppNer2LE,,@nguyentranquyethung5848,nói nghe ngứa
https://www.youtube.com/watch?v=X_dppNer2LE,,@yoanndang,MU vô địch bùng nổ thế giới hơn ARS
https://www.youtube.com/watch?v=X_dppNer2LE,,@TuanTran-sl8qf,
https://www.youtube.com/watch?v=X_dppNer2LE,,@hieulee2534,Angelo stiler
https://www.youtube.com/watch?v=X_dppNer2LE,,@khoaangnguyen8248,Kkkk tui fan Mc mà ko bao g lạc quan như fan Mu kk
https://www.youtube.com/watch?v=X_dppNer2LE,,@TiepLam-el1zr,Lần sau AQ nên mời những BLV bóng đá chuyên nghiệp thì khán giả dễ nghe hơn
https://www.youtube.com/watch?v=X_dppNer2LE,,@thanhsinh0810,ad ơi e có donate ở trên mà bị skip r
https://www.youtube.com/watch?v=X_dppNer2LE,,@MinhNguyennnnnn,303 broghton hét 100 m
https://www.youtube.com/watch?v=X_dppNer2LE,,@QuốcTuấnTrần-u7p,"Nếu các bạn ủng hộ Việt Nam bằng cách văng tục, chửi bậy trên mạng, thế có khác gì các bạn tự nhổ nước bọt vào chính nước mình? Văn minh lên các bạn ơi"
https://www.youtube.com/watch?v=X_dppNer2LE,,@nguyendinh-x4q,"đầu mùa MU bị chửi tơi bời thì chốn vào hang hết ,mới win đc 3 trận cái đòi đua vô địch , đúng fan lạc quan nhất thế giới bóng đá"
https://www.youtube.com/watch?v=X_dppNer2LE,,@kasumeow,"mu 1 trận 1 tuần nên ko mất nhiều sức, những đội khác 2 trận 1 tuần nên phải xoay tua"
https://www.youtube.com/watch?v=X_dppNer2LE,,@yoanndang,sắp hết show rồi
https://www.youtube.com/watch?v=X_dppNer2LE,,@longhoang-xc6xg,"Đừng coi thường Mu, nếu kì chuyển nhượng mùa đông mà Mu mang về được 1 wingback trái với 1 Cm đẳng cấp thì chưa nói trước được điều gì ."
https://www.youtube.com/watch?v=X_dppNer2LE,,@yoanndang,hết câu hỏi rồi
https://www.youtube.com/watch?v=X_dppNer2LE,,@La-Pass1ón,"giờ khác rồi , Mu giờ cách đầu bảng ,2 trận thắng thôi"
https://www.youtube.com/watch?v=X_dppNer2LE,,@thanhsinh0810,có mà ad skip r
https://www.youtube.com/watch?v=X_dppNer2LE,,@xuantruong4990,bố mẹ ko đoàn hoàn con cái hư là chuyện bth
https://www.youtube.com/watch?v=X_dppNer2LE,,@hohau8092,mu cho mơ đến thứ sáu thôi nha! thứ hai về đua trụ hạng cho a!
https://www.youtube.com/watch?v=X_dppNer2LE,,@kasumeow,"sắp tới gặp tot có khi bị đấm, mùa trước gặp 4 lần thua cả 4"
https://www.youtube.com/watch?v=X_dppNer2LE,,@luanluu12m,Mbeumo mà về đá CAN thì ối zôi ôi ngay
https://www.youtube.com/watch?v=X_dppNer2LE,,@TienNguyen-db6wb,"cho cháu nó trải nghiệm đi, thì nó mới khôn ra"
https://www.youtube.com/watch?v=X_dppNer2LE,,@yoanndang,yamal mơ cũng ko đc như Neymar
https://www.youtube.com/watch?v=X_dppNer2LE,,@vantrinhtran9223,phấn đào chỉ đc nửa mùa thôi
https://www.youtube.com/watch?v=X_dppNer2LE,,@La-Pass1ón,mu sắp có 5 trận thắng liên tiếp
https://www.youtube.com/watch?v=X_dppNer2LE,,@xuantruong4990,à thử xem có món gà gì vào tuần sau nhá
https://www.youtube.com/watch?v=X_dppNer2LE,,@yoanndang,Neymar ăn chơi nhưng rất tử tế
https://www.youtube.com/watch?v=X_dppNer2LE,,@ucvo1532,ông Ngọc cái tính cũng vậy
https://www.youtube.com/watch?v=X_dppNer2LE,,@x-periogaming5376,K phải coi thương Mu mà với lực như này nên đặt mục tiêu top 4 thôi. Mu vô địch còn khó hơn trúng đề
https://www.youtube.com/watch?v=X_dppNer2LE,,@ucvo1532,toàn nói nhăng nói cuooij
https://www.youtube.com/watch?v=X_dppNer2LE,,@xuantruong4990,đ
https://www.youtube.com/watch?v=X_dppNer2LE,,@ucvo1532,nói bậy nói bạ
https://www.youtube.com/watch?v=X_dppNer2LE,,@xuantruong4990,đ
https://www.youtube.com/watch?v=X_dppNer2LE,,@thanho7779,chuẩn r anh ngọc
https://www.youtube.com/watch?v=X_dppNer2LE,,@phatjuno,Hẹn mn ở các số tiếp theo nhé
https://www.youtube.com/watch?v=X_dppNer2LE,,@TiepLam-el1zr,Anh Ngọc có vẻ thích cổ xúy những hành động không đẹp của người khác . từ việc nhầm cờ tới chuyện drama MXh
https://www.youtube.com/watch?v=X_dppNer2LE,,@La-Pass1ón,Mu đua vô địch
https://www.youtube.com/watch?v=X_dppNer2LE,,@fairyman,vậy mới là anh Anh Ngọc
https://www.youtube.com/watch?v=X_dppNer2LE,,@KhoaAlexis,a ngọc nói hay
https://www.youtube.com/watch?v=X_dppNer2LE,,@bongcuoi2023,neymar 18t giỏi hơn. cr7 lúc 18t.nhưng lại k thành công bằng cr7
https://www.youtube.com/watch?v=X_dppNer2LE,,@vinhpham0209,"Thế CR7 nói thì BLV Anh Ngọc chê kiêu ngạo, Double standard"
https://www.youtube.com/watch?v=X_dppNer2LE,,@TienNguyen-db6wb,hâhha
https://www.youtube.com/watch?v=X_dppNer2LE,,@phongnguyen13629,anh ngọc ổng nói hay đó nhưng lúc cr7 nói cái ổng chửi
https://www.youtube.com/watch?v=X_dppNer2LE,,@MinhDang-iv6rn,toàn bọn ghen ăn tức ở
https://www.youtube.com/watch?v=X_dppNer2LE,,@MinhDang-iv6rn,hahaha
https://www.youtube.com/watch?v=X_dppNer2LE,,@banghai6221,Anh ngọc lên sóng ít câu hỏi nhỉ
https://www.youtube.com/watch?v=X_dppNer2LE,,@Thànhbin-m6h4j,hỏi các bạn chuyên môn với thực lực các đội đua vô địch như nào mà trả lời chúng chung quá.
https://www.youtube.com/watch?v=X_dppNer2LE,,@bongcuoi2023,ông lấy 1 ngồi sao đi so.sánh với người bình thường là khập khiễng rồi
https://www.youtube.com/watch?v=X_dppNer2LE,,@thanho7779,1
https://www.youtube.com/watch?v=X_dppNer2LE,,@thuongdao7046,Chào mừng tới WSFB ngày thứ Tư của anh Ngọc
https://www.youtube.com/watch?v=X_dppNer2LE,,@thuongdao7046,Thái lọ làm ăn láo nháo quá
https://www.youtube.com/watch?v=X_dppNer2LE,,@blvanhquan68,chào anh em nhé
https://www.youtube.com/watch?v=X_dppNer2LE,,@blvanhquan68,sẵn sàng chưa nàoooo
https://www.youtube.com/watch?v=X_dppNer2LE,,@blvanhquan68,like mạnh tay để lên 300 like nào anh em
https://www.youtube.com/watch?v=X_dppNer2LE,,@blvanhquan68,cảm ơn anh em đã vào chờ tới giờ phát sóng nhé
https://www.youtube.com/watch?v=X_dppNer2LE,,@yoanndang,bắt máy bay qua VN xin nhỗi rồi
https://www.youtube.com/watch?v=X_dppNer2LE,,@hieuminh4363,thái lọ làm quả này liên quan đến chính trị luôn ấy
https://www.youtube.com/watch?v=X_dppNer2LE,,@yoanndang,"qua xin nhỗi rồi, bỏ qua thôi"
https://www.youtube.com/watch?v=X_dppNer2LE,,@blvanhquan68,Thái Lan làm ăn như này là không ổn rồi !
https://www.youtube.com/watch?v=X_dppNer2LE,,@thanhhaitran2472,"thôi thì cứ giơ cao đánh khẽ, do nhân viên làm ăn kém đi"
https://www.youtube.com/watch?v=X_dppNer2LE,,@phatjuno,Em chào mọi người hôm nay có anh Ngọc
https://www.youtube.com/watch?v=X_dppNer2LE,,@viet1707,ae var Thái Lan mạnh vào
https://www.youtube.com/watch?v=X_dppNer2LE,,@myozz.khanh.279,nhầm ai chứ nhàm VN thành TQ thì khó cứu
https://www.youtube.com/watch?v=X_dppNer2LE,,@thanhhaitran2472,"vụ nhầm cờ như này trong thể thao thấy bị suốt, chả có ý đồ j cả"
https://www.youtube.com/watch?v=X_dppNer2LE,,@phatjuno,Lòng tự tôn dân tộc ta ko thể bỏ qua dễ dàng v được
https://www.youtube.com/watch?v=X_dppNer2LE,,@blvanhquan68,Phải nấu lẩu thái thôi anh em ạ
https://www.youtube.com/watch?v=X_dppNer2LE,,@blvanhquan68,Lòng tự tôn dân tộc chúng ta mà
https://www.youtube.com/watch?v=X_dppNer2LE,,@krkrjjf,"mấy người giàu có quyền lực của thailand đều là người gốc hoa,nói như vậy ae tự hiểu rồi đấy"
https://www.youtube.com/watch?v=X_dppNer2LE,,@blvanhquan68,cảm ơn anh em đã vào đông nhé
https://www.youtube.com/watch?v=X_dppNer2LE,,@thanhhaitran2472,"trước xem poker tour ở VN còn nhầm cờ Hàn thành Triều Tiên vkl luôn, bi a cũng hay bị nhầm"
https://www.youtube.com/watch?v=X_dppNer2LE,,@Real-Madrid-No1-fan,Ronaldo lại tạch cúp rồi ae ạ
https://www.youtube.com/watch?v=X_dppNer2LE,,@quangphung9019,"sắp tới là liver vs real, bayern vs Psg căng như dây đàn"
https://www.youtube.com/watch?v=X_dppNer2LE,,@KiGimart,Bhu
https://www.youtube.com/watch?v=X_dppNer2LE,,@kasumeow,ronaldo kể từ khi rời juventus năm 2021 đến giờ vẫn trắng tay với danh hiệu clb
https://www.youtube.com/watch?v=X_dppNer2LE,,@quangphung9019,à cái vụ kêu gọi rồi ko thấy đăng video phát quà cho Thái Nguyên hay Huế nhỉ
https://www.youtube.com/watch?v=X_dppNer2LE,,@blvanhquan68,anh em có câu hỏi gì thì để lại nhé
https://www.youtube.com/watch?v=X_dppNer2LE,,@viet1707,go go go
https://www.youtube.com/watch?v=X_dppNer2LE,,@garublue999,"chào 2a AC Milan lại hoà bị tụt lại so với Napoli , vấn đề của Milan thiếu 1 tiền đạo đẳng cấp đúng ko ạ"
https://www.youtube.com/watch?v=X_dppNer2LE,,@phatjuno,Hello a @Teo Chicharito
https://www.youtube.com/watch?v=X_dppNer2LE,,@Thànhbin-m6h4j,chờ phản ứng của LĐBĐ VN
https://www.youtube.com/watch?v=X_dppNer2LE,,@blvanhquan68,vào thôi anh em ơi
https://www.youtube.com/watch?v=X_dppNer2LE,,@DanhNguyen-1905,Người dân Thái Lan nên đốt trụ sở FAT nếu muốn người Việt tha thứ cho tội lỗi của mình bằng ko đừng trách ở biên giới Thái Cam có binh lính nói được tiếng Việt
https://www.youtube.com/watch?v=X_dppNer2LE,,@tuanminh176,Chúng ta kh tham gia giải nữa bỏ giải
https://www.youtube.com/watch?v=X_dppNer2LE,,@kasumeow,"napoli của conte đúng là khôn nhà dại chợ, chỉ giỏi farm gà"
https://www.youtube.com/watch?v=X_dppNer2LE,,@quangphung9019,"thì chúng ta bỏ giải này, giả sau tham dự thôi"
https://www.youtube.com/watch?v=X_dppNer2LE,,@garublue999,hello e @Phát Juno
https://www.youtube.com/watch?v=X_dppNer2LE,,@blvanhquan68,like mạnh cho lên 300 likes nào anh em ơi
https://www.youtube.com/watch?v=X_dppNer2LE,,@SHADOW_RUNNER_VECTOR,2 anh nghĩ sao về việc chú Biên Cương rời VTV sang SCTV14. Liệu đây có phải đây là dấu hiệu việc VTV ở lĩnh vực thể thao đang đi xuống rõ rệt ạ? Bây giờ em chỉ thích xem K cộng và FPT thôi ạ.
https://www.youtube.com/watch?v=X_dppNer2LE,,@yoanndang,"xin nhỗi rồi, bỏ qua chứ làm căng để làm gì"
https://www.youtube.com/watch?v=X_dppNer2LE,,@uccuongpham8169,1 tổ chức quốc gia mà gọi sự cố ông
https://www.youtube.com/watch?v=X_dppNer2LE,,@TrungLang-li6tc,nhưng mà ông mang cờ TQ lên là vấn đề đấy
https://www.youtube.com/watch?v=X_dppNer2LE,,@ledung534,gạt là gạt thế éo nào
https://www.youtube.com/watch?v=X_dppNer2LE,,@LêNgọcThanh-t3z,CÓ NGƯỜI ĐẰNG SAU CỐ TÌNH LÀM ĐẤY
https://www.youtube.com/watch?v=X_dppNer2LE,,@tuanminh176,Bỏ giải này đi
https://www.youtube.com/watch?v=X_dppNer2LE,,@blvanhquan68,chuyện này nhạy cảm thật
https://www.youtube.com/watch?v=X_dppNer2LE,,@hoangtu5474,.
https://www.youtube.com/watch?v=X_dppNer2LE,,@lamphung8933,"Nhầm là nhầm thế nào được, cái cơ to lù lù thế. Em chưa tưởng tượng là nhầm như nào"
https://www.youtube.com/watch?v=X_dppNer2LE,,@TrungTran-fw1lf,hàng trăm nước ko nhầm lại nhầm với trung quốc
https://www.youtube.com/watch?v=X_dppNer2LE,,@yoanndang,tại cờ tq bắt chước cờ VN @Trung Trần
https://www.youtube.com/watch?v=X_dppNer2LE,,@tuanminh176,Cờ maloc dễ nhầm hơn mà
https://www.youtube.com/watch?v=X_dppNer2LE,,@trongquoc9357,Nghe trông anh ngược chán vcl
https://www.youtube.com/watch?v=X_dppNer2LE,,@DanhNguyen-1905,Người dân Thái Lan nên đốt trụ sở FAT nếu muốn người Việt tha thứ cho tội lỗi của mình bằng ko đừng trách ở biên giới Thái Cam có binh lính nói được tiếng Việt
https://www.youtube.com/watch?v=X_dppNer2LE,,@duncangaming4694,admin ban @Danh Nguyen gấp
https://www.youtube.com/watch?v=X_dppNer2LE,,@blvanhquan68,Like mạnh tay đi anh em ơi
https://www.youtube.com/watch?v=X_dppNer2LE,,@yoanndang,cờ tq lấy cảm hứng từ cờ VN nên dễ bị nhầm
https://www.youtube.com/watch?v=X_dppNer2LE,,@khoaangnguyen8248,Chú Trương Anh Ngọc nói chuyện hay quá
https://www.youtube.com/watch?v=X_dppNer2LE,,@yoanndang,"tiền donate là tiền cá nhân của AQ, khi nào làm là chuyện của AQ"
https://www.youtube.com/watch?v=X_dppNer2LE,,@khoaangnguyen8248,"Yoann Đặng, bạn chắc không. Có nghĩ ngược lại không"
https://www.youtube.com/watch?v=X_dppNer2LE,,@Squall_84,bớt mõm đi mấy thằng trẩu. chiến tranh ko phải trò đùa cho chúng mày mõm.
https://www.youtube.com/watch?v=X_dppNer2LE,,@ledung534,Nếu nó nhầm ở phần hiển thị trên bảng điện tử còn nói là sai sót.đằng này nó in ra lá thăm cơ mà.bảo nhầm thì chó nó tin nha A Ngọc
https://www.youtube.com/watch?v=X_dppNer2LE,,@Duchung19,Nhầm voi cờ ma rốc còn nghe hợp lý hơn
https://www.youtube.com/watch?v=X_dppNer2LE,,@duncangaming4694,admin làm được việc k alo?
https://www.youtube.com/watch?v=X_dppNer2LE,,@SHADOW_RUNNER_VECTOR,2 anh nghĩ sao về việc chú Biên Cương rời VTV sang SCTV14. Liệu đây có phải đây là dấu hiệu việc VTV ở lĩnh vực thể thao đang đi xuống rõ rệt ạ? Bây giờ em chỉ thích xem K cộng và FPT thôi ạ.
